Workbook

Sheet Asset Register
A1: Asset ID | B1: Device Name | C1: Assigned User | D1: Device Type | E1: OS | F1: Intune Enrolled | G1: BitLocker | H1: MFA Enabled | I1: AV Enabled | J1: Patch Age Days | K1: Last Check-In | L1: Owner Verified | M1: Compliance Status | N1: Action Needed
A2: IT-001 | B2: LAP-001 | C2: Sample User 1 | D2: Laptop | E2: Windows 11 | F2: Yes | G2: Yes | H2: Yes | I2: Yes | J2: 8 | K2: 46169 | L2: Yes | M2: =IF(AND(F2="Yes",OR(G2="Yes",G2="N/A"),H2="Yes",I2="Yes",J2<=30,TODAY()-K2<=14,L2="Yes"),"Compliant","Non-Compliant") | N2: =TEXTJOIN("; ",TRUE,IF(F2<>"Yes","Enroll in Intune",""),IF(AND(G2<>"Yes",G2<>"N/A"),"Enable BitLocker",""),IF(H2<>"Yes","Enable MFA",""),IF(I2<>"Yes","Enable AV",""),IF(J2>30,"Update patches",""),IF(TODAY()-K2>14,"Check inactive device",""),IF(L2<>"Yes","Verify owner",""))
A3: IT-002 | B3: LAP-002 | C3: Sample User 2 | D3: Laptop | E3: Windows 10 | F3: Yes | G3: No | H3: Yes | I3: Yes | J3: 18 | K3: 46169 | L3: Yes | M3: =IF(AND(F3="Yes",OR(G3="Yes",G3="N/A"),H3="Yes",I3="Yes",J3<=30,TODAY()-K3<=14,L3="Yes"),"Compliant","Non-Compliant") | N3: =TEXTJOIN("; ",TRUE,IF(F3<>"Yes","Enroll in Intune",""),IF(AND(G3<>"Yes",G3<>"N/A"),"Enable BitLocker",""),IF(H3<>"Yes","Enable MFA",""),IF(I3<>"Yes","Enable AV",""),IF(J3>30,"Update patches",""),IF(TODAY()-K3>14,"Check inactive device",""),IF(L3<>"Yes","Verify owner",""))
A4: IT-003 | B4: DESK-001 | C4: Sample User 3 | D4: Desktop | E4: Windows 11 | F4: Yes | G4: Yes | H4: No | I4: Yes | J4: 12 | K4: 46169 | L4: Yes | M4: =IF(AND(F4="Yes",OR(G4="Yes",G4="N/A"),H4="Yes",I4="Yes",J4<=30,TODAY()-K4<=14,L4="Yes"),"Compliant","Non-Compliant") | N4: =TEXTJOIN("; ",TRUE,IF(F4<>"Yes","Enroll in Intune",""),IF(AND(G4<>"Yes",G4<>"N/A"),"Enable BitLocker",""),IF(H4<>"Yes","Enable MFA",""),IF(I4<>"Yes","Enable AV",""),IF(J4>30,"Update patches",""),IF(TODAY()-K4>14,"Check inactive device",""),IF(L4<>"Yes","Verify owner",""))
A5: IT-004 | B5: LAP-003 | C5: Sample User 4 | D5: Laptop | E5: Windows 11 | F5: No | G5: Yes | H5: Yes | I5: Yes | J5: 35 | K5: 46166 | L5: Yes | M5: =IF(AND(F5="Yes",OR(G5="Yes",G5="N/A"),H5="Yes",I5="Yes",J5<=30,TODAY()-K5<=14,L5="Yes"),"Compliant","Non-Compliant") | N5: =TEXTJOIN("; ",TRUE,IF(F5<>"Yes","Enroll in Intune",""),IF(AND(G5<>"Yes",G5<>"N/A"),"Enable BitLocker",""),IF(H5<>"Yes","Enable MFA",""),IF(I5<>"Yes","Enable AV",""),IF(J5>30,"Update patches",""),IF(TODAY()-K5>14,"Check inactive device",""),IF(L5<>"Yes","Verify owner",""))
A6: IT-005 | B6: LAP-004 | C6: Sample User 5 | D6: Laptop | E6: Windows 10 | F6: Yes | G6: Yes | H6: Yes | I6: No | J6: 22 | K6: 46167 | L6: Yes | M6: =IF(AND(F6="Yes",OR(G6="Yes",G6="N/A"),H6="Yes",I6="Yes",J6<=30,TODAY()-K6<=14,L6="Yes"),"Compliant","Non-Compliant") | N6: =TEXTJOIN("; ",TRUE,IF(F6<>"Yes","Enroll in Intune",""),IF(AND(G6<>"Yes",G6<>"N/A"),"Enable BitLocker",""),IF(H6<>"Yes","Enable MFA",""),IF(I6<>"Yes","Enable AV",""),IF(J6>30,"Update patches",""),IF(TODAY()-K6>14,"Check inactive device",""),IF(L6<>"Yes","Verify owner",""))
A7: IT-006 | B7: MOB-001 | C7: Sample User 6 | D7: Mobile | E7: iOS | F7: Yes | G7: N/A | H7: Yes | I7: Yes | J7: 5 | K7: 46169 | L7: Yes | M7: =IF(AND(F7="Yes",OR(G7="Yes",G7="N/A"),H7="Yes",I7="Yes",J7<=30,TODAY()-K7<=14,L7="Yes"),"Compliant","Non-Compliant") | N7: =TEXTJOIN("; ",TRUE,IF(F7<>"Yes","Enroll in Intune",""),IF(AND(G7<>"Yes",G7<>"N/A"),"Enable BitLocker",""),IF(H7<>"Yes","Enable MFA",""),IF(I7<>"Yes","Enable AV",""),IF(J7>30,"Update patches",""),IF(TODAY()-K7>14,"Check inactive device",""),IF(L7<>"Yes","Verify owner",""))
A8: IT-007 | B8: LAP-005 | C8: Sample User 7 | D8: Laptop | E8: Windows 11 | F8: Yes | G8: Yes | H8: Yes | I8: Yes | J8: 11 | K8: 46169 | L8: No | M8: =IF(AND(F8="Yes",OR(G8="Yes",G8="N/A"),H8="Yes",I8="Yes",J8<=30,TODAY()-K8<=14,L8="Yes"),"Compliant","Non-Compliant") | N8: =TEXTJOIN("; ",TRUE,IF(F8<>"Yes","Enroll in Intune",""),IF(AND(G8<>"Yes",G8<>"N/A"),"Enable BitLocker",""),IF(H8<>"Yes","Enable MFA",""),IF(I8<>"Yes","Enable AV",""),IF(J8>30,"Update patches",""),IF(TODAY()-K8>14,"Check inactive device",""),IF(L8<>"Yes","Verify owner",""))
A9: IT-008 | B9: DESK-002 | C9: Sample User 8 | D9: Desktop | E9: Windows 10 | F9: Yes | G9: Yes | H9: Yes | I9: Yes | J9: 41 | K9: 46154 | L9: Yes | M9: =IF(AND(F9="Yes",OR(G9="Yes",G9="N/A"),H9="Yes",I9="Yes",J9<=30,TODAY()-K9<=14,L9="Yes"),"Compliant","Non-Compliant") | N9: =TEXTJOIN("; ",TRUE,IF(F9<>"Yes","Enroll in Intune",""),IF(AND(G9<>"Yes",G9<>"N/A"),"Enable BitLocker",""),IF(H9<>"Yes","Enable MFA",""),IF(I9<>"Yes","Enable AV",""),IF(J9>30,"Update patches",""),IF(TODAY()-K9>14,"Check inactive device",""),IF(L9<>"Yes","Verify owner",""))
A10: IT-009 | B10: LAP-006 | C10: Unassigned | D10: Laptop | E10: Windows 11 | F10: No | G10: No | H10: No | I10: Yes | J10: 60 | K10: 46149 | L10: No | M10: =IF(AND(F10="Yes",OR(G10="Yes",G10="N/A"),H10="Yes",I10="Yes",J10<=30,TODAY()-K10<=14,L10="Yes"),"Compliant","Non-Compliant") | N10: =TEXTJOIN("; ",TRUE,IF(F10<>"Yes","Enroll in Intune",""),IF(AND(G10<>"Yes",G10<>"N/A"),"Enable BitLocker",""),IF(H10<>"Yes","Enable MFA",""),IF(I10<>"Yes","Enable AV",""),IF(J10>30,"Update patches",""),IF(TODAY()-K10>14,"Check inactive device",""),IF(L10<>"Yes","Verify owner",""))
A11: IT-010 | B11: MOB-002 | C11: Sample User 2 | D11: Mobile | E11: Android | F11: Yes | G11: N/A | H11: Yes | I11: Yes | J11: 9 | K11: 46169 | L11: Yes | M11: =IF(AND(F11="Yes",OR(G11="Yes",G11="N/A"),H11="Yes",I11="Yes",J11<=30,TODAY()-K11<=14,L11="Yes"),"Compliant","Non-Compliant") | N11: =TEXTJOIN("; ",TRUE,IF(F11<>"Yes","Enroll in Intune",""),IF(AND(G11<>"Yes",G11<>"N/A"),"Enable BitLocker",""),IF(H11<>"Yes","Enable MFA",""),IF(I11<>"Yes","Enable AV",""),IF(J11>30,"Update patches",""),IF(TODAY()-K11>14,"Check inactive device",""),IF(L11<>"Yes","Verify owner",""))
A12: IT-011 | B12: LAP-007 | C12: Sample User 1 | D12: Laptop | E12: Windows 11 | F12: Yes | G12: Yes | H12: Yes | I12: Yes | J12: 3 | K12: 46169 | L12: Yes | M12: =IF(AND(F12="Yes",OR(G12="Yes",G12="N/A"),H12="Yes",I12="Yes",J12<=30,TODAY()-K12<=14,L12="Yes"),"Compliant","Non-Compliant") | N12: =TEXTJOIN("; ",TRUE,IF(F12<>"Yes","Enroll in Intune",""),IF(AND(G12<>"Yes",G12<>"N/A"),"Enable BitLocker",""),IF(H12<>"Yes","Enable MFA",""),IF(I12<>"Yes","Enable AV",""),IF(J12>30,"Update patches",""),IF(TODAY()-K12>14,"Check inactive device",""),IF(L12<>"Yes","Verify owner",""))
A13: IT-012 | B13: DESK-003 | C13: Sample User 4 | D13: Desktop | E13: Windows 11 | F13: Yes | G13: Yes | H13: Yes | I13: Yes | J13: 27 | K13: 46169 | L13: Yes | M13: =IF(AND(F13="Yes",OR(G13="Yes",G13="N/A"),H13="Yes",I13="Yes",J13<=30,TODAY()-K13<=14,L13="Yes"),"Compliant","Non-Compliant") | N13: =TEXTJOIN("; ",TRUE,IF(F13<>"Yes","Enroll in Intune",""),IF(AND(G13<>"Yes",G13<>"N/A"),"Enable BitLocker",""),IF(H13<>"Yes","Enable MFA",""),IF(I13<>"Yes","Enable AV",""),IF(J13>30,"Update patches",""),IF(TODAY()-K13>14,"Check inactive device",""),IF(L13<>"Yes","Verify owner",""))

Sheet Dashboard
A1: Mini Endpoint Compliance Dashboard
A3: Total Assets | B3: =COUNTA('Asset Register'!A2:A13) | C3: Compliant | D3: =COUNTIF('Asset Register'!M2:M13,"Compliant") | E3: Non-Compliant | F3: =COUNTIF('Asset Register'!M2:M13,"Non-Compliant") | G3: Compliance Rate | H3: =D3/B3
A6: Issue | B6: Count | D6: Status | E6: Count
A7: Intune not enrolled | B7: =COUNTIF('Asset Register'!N:N,"*Enroll in Intune*") | D7: Compliant | E7: =COUNTIF('Asset Register'!M:M,D7)
A8: BitLocker missing | B8: =COUNTIF('Asset Register'!N:N,"*Enable BitLocker*") | D8: Non-Compliant | E8: =COUNTIF('Asset Register'!M:M,D8)
A9: MFA disabled | B9: =COUNTIF('Asset Register'!N:N,"*Enable MFA*")
A10: AV disabled | B10: =COUNTIF('Asset Register'!N:N,"*Enable AV*")
A11: Patch overdue | B11: =COUNTIF('Asset Register'!N:N,"*Update patches*")
A12: Inactive check-in | B12: =COUNTIF('Asset Register'!N:N,"*inactive device*")
A13: Owner verification | B13: =COUNTIF('Asset Register'!N:N,"*Verify owner*")

Sheet Control Checklist
A1: Control | B1: Why It Matters | C1: Evidence
A2: Intune enrollment | B2: Confirms endpoint is centrally managed | C2: Enrollment status in asset register
A3: BitLocker | B3: Protects company data if device is lost/stolen | C3: Encryption status
A4: MFA | B4: Reduces account takeover risk | C4: MFA enabled field
A5: Antivirus | B5: Confirms baseline endpoint protection | C5: AV enabled field
A6: Patch age | B6: Reduces vulnerability exposure | C6: Patch age less than or equal to 30 days
A7: Last check-in | B7: Flags stale or missing devices | C7: Last check-in within 14 days
A8: Owner verification | B8: Improves asset accountability | C8: Owner verified field
